VIN,make,model,year,color,price,is_rented,description
1G4HP54K61U133990,Emmalyn,Ram 1500,2000,Fuscia,213.32,false,"Open bite of unspecified part of thorax, sequela"
3D7JB1EP1BG054180,Patience,Murano,2005,Pink,304.04,true,"Postprocedural endocrine and metabolic complications and disorders, not elsewhere classified"
1GYS4SKJ6FR436915,Mareah,Scoupe,1994,Puce,396.61,false,"Nondisplaced fracture of posterior column [ilioischial] of right acetabulum, subsequent encounter for fracture with delayed healing"
4T1BB3EK5BU797125,Kellie,300CE,1992,Khaki,318.34,true,"Smith's fracture of left radius, subsequent encounter for open fracture type IIIA, IIIB, or IIIC with routine healing"
1FTEW1E84AK862486,Waylan,G-Series G10,1995,Goldenrod,43.06,true,"Poisoning by other antipsychotics and neuroleptics, accidental (unintentional), sequela"
1N6AF0KY0FN308106,Dillon,FJ Cruiser,2009,Red,215.7,true,Traumatic subdural hemorrhage with loss of consciousness greater than 24 hours with return to pre-existing conscious level
2G4WC562051716704,Tonye,RS4,2007,Green,485.01,false,Non-pressure chronic ulcer of unspecified part of right lower leg limited to breakdown of skin
1FTMF1C87AK119268,Neysa,Esprit,1992,Puce,84.97,false,Pre-existing secondary hypertension complicating childbirth
KNDMA5C19F6606922,Henrietta,TSX,2004,Indigo,364.64,false,"Pathological fracture in other disease, hand"
2T1KU4EE2BC704153,Darsey,CL-Class,2000,Purple,302.28,true,Other specified diabetes mellitus with severe nonproliferative diabetic retinopathy without macular edema
WBA1K5C58FV508163,Marion,MPV,2003,Fuscia,128.31,false,"Pathological fracture, right fibula, subsequent encounter for fracture with routine healing"
1GYFK16219R407704,Imogene,Century,1988,Aquamarine,89.29,true,Blister (nonthermal) of lip and oral cavity
5J6YH1H36BL705347,Brose,Camaro,1980,Violet,271.97,false,Other disorders of tooth development
WAUDH78EX8A942790,Karmen,Colorado,2007,Turquoise,422.22,false,"Underdosing of saline and osmotic laxatives, subsequent encounter"
1G6DP5ED6B0467970,Bill,Prius,2008,Blue,115.67,true,"Other mechanical complication of insulin pump, sequela"
1D7RW3BK5BS337105,Archibaldo,Mazda5,2007,Crimson,94.72,false,Postinfarction angina
WBAUN9C50AV044273,Ernst,Continental,1985,Fuscia,456.54,false,"Unspecified occupant of heavy transport vehicle injured in collision with unspecified motor vehicles in nontraffic accident, initial encounter"
1G6AK5S31F0185559,Griffy,G,1995,Teal,287.42,false,"Unspecified retinoschisis, bilateral"
WAULT58E53A427879,Bail,LeSabre,1989,Puce,425.62,true,"Partial traumatic transmetacarpal amputation of left hand, sequela"
1G4HR57Y06U035135,Jareb,Accent,2005,Purple,36.71,true,"Crushing injury of left thigh, sequela"
WBAPH7C57AE609188,Lolita,Corvette,1961,Fuscia,263.78,true,"Driver of heavy transport vehicle injured in collision with fixed or stationary object in traffic accident, subsequent encounter"
WAUFFAFC8DN048108,Brynna,G-Class,2012,Purple,70.09,true,"Atherosclerosis of autologous vein bypass graft(s) of the extremities with gangrene, left leg"
ZFBCFABH8EZ508713,Riordan,300M,2001,Teal,273.3,true,Orf virus disease
1D7CW3GK3AS826485,Inna,Econoline E350,1998,Mauv,115.04,false,"Adverse effect of other primarily systemic and hematological agents, sequela"
WBAGL63404D644018,Parsifal,Pajero,1986,Orange,364.8,true,Acute cystitis without hematuria
WA1EFCFS3FR138807,Jennee,Tracker,1994,Purple,443.73,false,"Ultralight, microlight or powered-glider explosion injuring occupant"
19XFB2F54DE158003,Car,CX-7,2011,Turquoise,332.08,false,"Laceration with foreign body of abdominal wall, epigastric region with penetration into peritoneal cavity, subsequent encounter"
1G6YX36D365116043,Kaleb,xB,2009,Crimson,263.0,true,"Motorcycle passenger injured in collision with pedestrian or animal in nontraffic accident, sequela"
WA1WKBFP2AA701150,Davis,GTI,2002,Crimson,155.81,false,Erythema in diseases classified elsewhere
1FTEX1E89AK249261,Bartolomeo,Bonneville,1988,Teal,124.82,true,"Unspecified fracture of unspecified patella, subsequent encounter for open fracture type I or II with delayed healing"
WBAPN73579A521219,Martie,Durango,2002,Yellow,430.15,false,Other osteonecrosis of right ulna
WAUAF78E47A779920,Hailee,F150,1996,Maroon,109.02,false,"Puncture wound with foreign body of left back wall of thorax with penetration into thoracic cavity, sequela"
1N6AA0CA7BN162815,Madalena,Civic,1994,Maroon,107.31,true,"Effusion, unspecified hip"
KNAFT4A2XA5936458,Neda,Reno,2006,Puce,176.9,true,Chronic myringitis
3VW4A7AT5DM070657,Shauna,Fusion,2012,Maroon,159.35,false,Family history of certain disabilities and chronic diseases (leading to disablement)
JHMZF1D66ES773432,Janeczka,XL-7,2001,Violet,340.12,false,"Other injury of extensor muscle, fascia and tendon of left middle finger at forearm level, sequela"
1N4AL3AP0DC400370,Rasia,Elantra,1996,Indigo,164.38,false,"Encounter for contraceptive management, unspecified"
1C6RD6HT5CS620923,Lisa,Mustang,1973,Puce,75.29,true,"Other drowning and submersion, undetermined intent, initial encounter"
WAUAFAFH2DN266924,Amble,i-Series,2007,Pink,429.71,true,Other endophthalmitis
1GYS3FEJ8BR047029,Andromache,V70,2006,Turquoise,79.07,true,Other obstructive defects of renal pelvis and ureter
JN1BV7AP1FM709166,Storm,Bravada,1993,Aquamarine,486.04,true,"Nondisplaced comminuted supracondylar fracture without intercondylar fracture of right humerus, initial encounter for closed fracture"
WUAYU48H88K851541,Wallas,STS-V,2009,Green,36.57,false,"Drowning and submersion due to fall off canoe or kayak, initial encounter"
1N4AB7AP6DN830385,Kali,S2000,2000,Purple,395.17,true,NIHSS score 25
1J4RG4GK7AC890721,Bernardina,Pajero,1985,Fuscia,191.86,false,Unspecified superficial injury of knee
JH4CU4F42CC128468,Karel,MKS,2013,Pink,336.24,false,Xeroderma pigmentosum
1D7RB1GT6AS303352,Pancho,Patriot,2010,Green,316.63,true,"Unspecified injury of flexor muscle, fascia and tendon of left little finger at wrist and hand level, sequela"
SCFAB01A97G323021,Bunni,Continental Mark VII,1987,Goldenrod,479.31,true,"Monocular exotropia with other noncomitancies, left eye"
1N6BF0KXXFN076240,Simmonds,Fury,1964,Turquoise,128.78,false,"Injury of lumbosacral plexus, subsequent encounter"
WAUDL74FX6N052969,Cathie,Esprit,1998,Purple,277.58,true,"Nondisplaced fracture of fourth metatarsal bone, right foot, subsequent encounter for fracture with malunion"
3VW4S7AT4EM527568,Allissa,Spectra,2002,Aquamarine,211.2,true,Glaucoma with increased episcleral venous pressure
1GT010CG2CF259757,Dame,F150,1996,Puce,488.5,false,"External constriction, left lower leg, initial encounter"
2G4GR5GX1E9418208,Pinchas,LeSabre,1995,Turquoise,140.54,false,Burn of internal genitourinary organs
3N1AB6AP7AL517168,Demetris,Villager,1995,Yellow,386.96,true,"Open bite of vocal cord, initial encounter"
KMHTC6AD7CU656147,Linea,Camaro,2001,Red,370.2,false,"Laceration of flexor muscle, fascia and tendon of left index finger at wrist and hand level, subsequent encounter"
1G6AG5RX4E0203593,Feliza,Bonneville,1995,Maroon,256.51,true,"Nondisplaced oblique fracture of shaft of left fibula, subsequent encounter for closed fracture with delayed healing"
WAUHFAFL5BA666192,Ettore,XL-7,2003,Goldenrod,390.27,false,Nondisplaced fracture of proximal phalanx of right thumb
WAUBFAFL9FN181395,Moria,Grand Prix,1966,Mauv,78.98,false,Unspecified injury of other urinary and pelvic organ
3LNHL2GC3BR002068,Grantham,Sienna,1998,Blue,248.42,true,"External constriction, right foot, initial encounter"
5UXFA93575L618505,Noami,Elise,2007,Yellow,376.97,false,"Epileptic seizures related to external causes, not intractable"
JTDJTUD30DD654115,Gwen,D150 Club,1992,Puce,142.5,false,"Poisoning by phenothiazine antipsychotics and neuroleptics, undetermined, subsequent encounter"
WBAFZ9C52CC094118,Gilda,VUE,2006,Orange,265.95,true,"Other fracture of shaft of left ulna, subsequent encounter for closed fracture with routine healing"
1G6DF8EGXA0423564,Val,Galant,2005,Pink,192.25,false,Granulation of postmastoidectomy cavity
2T1BPRHE6FC579583,Ellene,MX-6,1991,Goldenrod,121.82,true,"Nondisplaced segmental fracture of shaft of ulna, unspecified arm, initial encounter for open fracture type I or II"
KMHFG4JG4EA454807,Maddy,Navigator L,2007,Violet,482.57,true,Acute nasopharyngitis [common cold]
5GAEV23D69J284891,Mischa,911,1998,Crimson,142.51,false,"Maternal care for other specified fetal problems, third trimester, other fetus"
1GTN1TEH3EZ445841,Skyler,Grand Prix,2001,Blue,256.53,true,"Nondisplaced fracture of intermediate cuneiform of left foot, subsequent encounter for fracture with malunion"
1D7RV1CP3AS850398,Georas,Legacy,2007,Turquoise,375.8,true,Displacement of implanted electronic neurostimulator of brain electrode (lead)
1FTNF2A59AE869126,Yalonda,Bronco,1984,Violet,232.39,false,"Other injury of duodenum, subsequent encounter"
JH4DC53895S251309,Brenna,Suburban,2006,Indigo,415.34,false,"Other specified injuries of larynx, subsequent encounter"
3C6JD6EPXCG399671,Lolita,Versa,2011,Turquoise,122.96,true,"Unspecified fracture of left femur, subsequent encounter for open fracture type I or II with delayed healing"
19UUA8F59EA822122,Fredek,9000,1991,Aquamarine,24.48,false,Failure of sterile precautions during kidney dialysis and other perfusion
WBA3B5C59FP766172,Arman,X3,2010,Aquamarine,393.4,true,"Other mechanical complication of permanent sutures, subsequent encounter"
JM1NC2LF5C0797990,Skye,Lumina,1993,Orange,31.81,true,"Occupant of railway train or railway vehicle injured due to collision with military vehicle, sequela"
5BZAF0AA1FN375613,Nick,Explorer Sport Trac,2007,Crimson,344.59,true,"Nondisplaced fracture of base of second metacarpal bone. left hand, sequela"
3GYEK63NX2G639313,Shir,Fusion,2013,Mauv,315.93,false,"Dislocation of right scapula, subsequent encounter"
5GAKVCKD3DJ248711,Constance,Jetta,2008,Red,445.15,true,"Passenger on bus injured in collision with unspecified motor vehicles in traffic accident, initial encounter"
3GYFK66N66G970721,Bern,S60,2005,Purple,430.76,false,"Secondary osteoarthritis, left shoulder"
WA1LGAFE3FD372347,Giff,Turbo Firefly,1988,Puce,142.81,true,Fracture of symphysis of mandible
2CTALMEC6B6831524,Zonnya,Passat,2005,Purple,199.6,true,"Other osteomyelitis, thigh"
3D7TT2CT5BG231826,Samuel,Firebird Formula,1992,Red,38.14,false,"Total (external) ophthalmoplegia, right eye"
3C63DPHL8CG886519,Xenos,Mazda6,2006,Green,41.23,false,"Familial chondrocalcinosis, multiple sites"
JM1BL1L38C1194450,Gale,Ghost,2012,Indigo,140.07,false,"Contusion of right little finger without damage to nail, sequela"
5TFAW5F14FX887747,Arlen,M3,1997,Green,72.7,false,"Torus fracture of upper end of right tibia, subsequent encounter for fracture with malunion"
1GKKRNED3BJ761114,Germain,X3,2006,Yellow,205.21,true,"Interstitial myositis, ankle and foot"
YV4902BZ8E1685331,Asa,Silverado 1500,2011,Crimson,246.06,false,"Injury of left internal carotid artery, intracranial portion, not elsewhere classified with loss of consciousness of 6 hours to 24 hours, sequela"
WBA3N9C57EK094543,Leland,430,1990,Indigo,87.55,false,"Anterior subluxation of left radial head, subsequent encounter"
1C3BCBEB7CN258906,Ralf,Avalanche,2011,Puce,225.51,true,"Pressure ulcer of right elbow, stage 2"
1C6RD6KP8CS583751,Niall,Five Hundred,2007,Teal,336.43,true,"Fracture of xiphoid process, subsequent encounter for fracture with delayed healing"
1G4GJ5E34DF715079,Violante,Frontier,2007,Crimson,208.66,true,Exposure to X-rays
1GYUKGEF0AR835797,Mallissa,Familia,1988,Crimson,109.47,false,"Unspecified traumatic displaced spondylolisthesis of third cervical vertebra, initial encounter for closed fracture"
1N6AA0ED3FN986193,Bailie,Silverado 3500,2002,Crimson,419.95,true,Burn of second degree of multiple sites of unspecified wrist and hand
1G6KF54912U009804,Georgiana,Carrera GT,2005,Puce,347.08,true,"Traumatic amputation (partial) of part of thorax, except breast"
1GTN1TEX9CZ955647,Leticia,Swift,1991,Orange,67.2,true,"Poisoning by intravenous anesthetics, assault, initial encounter"
JTHBB1BA1B2513701,Quinn,Range Rover Sport,2010,Crimson,32.13,true,"Pathological fracture in other disease, pelvis, subsequent encounter for fracture with routine healing"
WA1VMAFEXFD359340,Royall,XT,1991,Goldenrod,410.77,true,Cardiac arrest due to underlying cardiac condition
1HGCP2F34AA777882,Pattie,M-Class,2001,Maroon,472.73,false,Other chronic respiratory diseases originating in the perinatal period
1G6DJ8E34D0496719,Putnem,B-Series,2005,Indigo,189.81,false,"Air embolism (traumatic), initial encounter"
WBAGN63564D118771,Blakelee,LeMans,1993,Yellow,350.85,true,"Other fracture of shaft of left femur, subsequent encounter for closed fracture with malunion"
WBAFR9C52BD733252,Neale,CR-X,1984,Aquamarine,252.21,true,Apraxia
WVGAV7AX8CW850658,Justinian,NSX,1993,Violet,159.86,false,"Nondisplaced fracture of body of hamate [unciform] bone, right wrist, subsequent encounter for fracture with routine healing"
